Water Code ,Date Set,Time Set,Date Retrieved,Time Retrieved,Stratum,Stratum Wt.  ,Station,Latitude ,Longitude,Water Temp.,Water Vis.,Macrohabitat,Microhabitat,Gear Type,Mesh Size,Spp. Code,Length,Length Group,Number,Weight,Notes,,,,10052015,Lake Washington,LakeWashington,,,LakeWashington10052015_pg3
336,10/5/2015,,10/6/2015,,,,1,33.03548,91.04156,67.6,,,,3,,311,114,11,1,,,,,,,,,,,
336,10/5/2015,,10/6/2015,,,,1,33.03548,91.04156,67.6,,,,3,,312,,,9,,55-90mm,,,,,,,,,
336,10/5/2015,,10/6/2015,,,,1,33.03548,91.04156,67.6,,,,3,,1397,82,8,1,,,,,,,,,,,
336,10/5/2015,,10/6/2015,,,,1,33.03548,91.04156,67.6,,,,3,,1306,135,13,1,,,,,,,,,,,
336,10/5/2015,,10/6/2015,,,,1,33.03548,91.04156,67.6,,,,3,,1410,255,25,1,,,,,,,,,,,
336,10/5/2015,,10/6/2015,,,,1,33.03548,91.04156,67.6,,,,3,,1410,289,28,1,,,,,,,,,,,
336,10/5/2015,,10/6/2015,,,,1,33.03548,91.04156,67.6,,,,3,,1410,255,25,1,,,,,,,,,,,
336,10/5/2015,,10/6/2015,,,,1,33.03548,91.04156,67.6,,,,3,,1409,256,25,1,,,,,,,,,,,
336,10/5/2015,,10/6/2015,,,,1,33.03548,91.04156,67.6,,,,3,,1410,334,33,1,,,,,,,,,,,
336,10/5/2015,,10/6/2015,,,,1,33.03548,91.04156,67.6,,,,3,,1409,137,13,1,,,,,,,,,,,
336,10/5/2015,,10/6/2015,,,,1,33.03548,91.04156,67.6,,,,3,,1410,227,22,1,,,,,,,,,,,
336,10/5/2015,,10/6/2015,,,,1,33.03548,91.04156,67.6,,,,3,,1410,243,24,1,,,,,,,,,,,
336,10/5/2015,,10/6/2015,,,,1,33.03548,91.04156,67.6,,,,3,,1758,268,26,1,,,,,,,,,,,
336,10/5/2015,,10/6/2015,,,,1,33.03548,91.04156,67.6,,,,3,,1395,154,15,1,,,,,,,,,,,
336,10/5/2015,,10/6/2015,,,,1,33.03548,91.04156,67.6,,,,3,,1397,146,14,1,,,,,,,,,,,
336,10/5/2015,,10/6/2015,,,,1,33.03548,91.04156,67.6,,,,3,,1410,181,18,1,,,,,,,,,,,
336,10/5/2015,,10/6/2015,,,,1,33.03548,91.04156,67.6,,,,3,,1395,145,14,1,,,,,,,,,,,
336,10/5/2015,,10/6/2015,,,,2,33.04145,91.04185,68.8,,,,3,,312,75,7,1,,,,,,,,,,,
336,10/5/2015,,10/6/2015,,,,2,33.04145,91.04185,68.8,,,,3,,312,80,8,1,,,,,,,,,,,
336,10/5/2015,,10/6/2015,,,,2,33.04145,91.04185,68.8,,,,3,,1397,195,19,1,,,,,,,,,,,
336,10/5/2015,,10/6/2015,,,,2,33.04145,91.04185,68.8,,,,3,,1400,231,23,1,,,,,,,,,,,
336,10/5/2015,,10/6/2015,,,,2,33.04145,91.04185,68.8,,,,3,,1410,83,8,1,,,,,,,,,,,
336,10/5/2015,,10/6/2015,,,,2,33.04145,91.04185,68.8,,,,3,,1410,260,26,1,,,,,,,,,,,
336,10/5/2015,,10/6/2015,,,,2,33.04145,91.04185,68.8,,,,3,,1410,300,30,1,,,,,,,,,,,
336,10/5/2015,,10/6/2015,,,,2,33.04145,91.04185,68.8,,,,3,,1410,347,34,1,,,,,,,,,,,
336,10/5/2015,,10/6/2015,,,,2,33.04145,91.04185,68.8,,,,3,,1410,315,31,1,,,,,,,,,,,
336,10/5/2015,,10/6/2015,,,,2,33.04145,91.04185,68.8,,,,3,,1410,250,25,1,,,,,,,,,,,
336,10/5/2015,,10/6/2015,,,,2,33.04145,91.04185,68.8,,,,3,,1410,240,24,1,,,,,,,,,,,
336,10/5/2015,,10/6/2015,,,,2,33.04145,91.04185,68.8,,,,3,,1410,247,24,1,,,,,,,,,,,
336,10/5/2015,,10/6/2015,,,,2,33.04145,91.04185,68.8,,,,3,,1410,240,24,1,,,,,,,,,,,
336,10/5/2015,,10/6/2015,,,,2,33.04145,91.04185,68.8,,,,3,,1410,208,20,1,,,,,,,,,,,
336,10/5/2015,,10/6/2015,,,,2,33.04145,91.04185,68.8,,,,3,,1410,197,19,1,,,,,,,,,,,
336,10/5/2015,,10/6/2015,,,,2,33.04145,91.04185,68.8,,,,3,,1410,269,26,1,,,,,,,,,,,
336,10/5/2015,,10/6/2015,,,,2,33.04145,91.04185,68.8,,,,3,,1410,208,20,1,,,,,,,,,,,
336,10/5/2015,,10/6/2015,,,,2,33.04145,91.04185,68.8,,,,3,,1410,199,19,1,,,,,,,,,,,
336,10/5/2015,,10/6/2015,,,,2,33.04145,91.04185,68.8,,,,3,,1410,106,10,1,,,,,,,,,,,
336,10/5/2015,,10/6/2015,,,,2,33.04145,91.04185,68.8,,,,3,,1410,130,13,1,,,,,,,,,,,
336,10/5/2015,,10/6/2015,,,,2,33.04145,91.04185,68.8,,,,3,,1410,165,16,1,,,,,,,,,,,
336,10/5/2015,,10/6/2015,,,,2,33.04145,91.04185,68.8,,,,3,,1410,220,22,1,,,,,,,,,,,
336,10/5/2015,,10/6/2015,,,,2,33.04145,91.04185,68.8,,,,3,,1410,222,22,1,,,,,,,,,,,
336,10/5/2015,,10/6/2015,,,,2,33.04145,91.04185,68.8,,,,3,,1410,234,23,1,,,,,,,,,,,
336,10/5/2015,,10/6/2015,,,,2,33.04145,91.04185,68.8,,,,3,,1410,190,19,1,,,,,,,,,,,
336,10/5/2015,,10/6/2015,,,,2,33.04145,91.04185,68.8,,,,3,,1410,194,19,1,,,,,,,,,,,
336,10/5/2015,,10/6/2015,,,,2,33.04145,91.04185,68.8,,,,3,,1410,131,13,1,,,,,,,,,,,
336,10/5/2015,,10/6/2015,,,,2,33.04145,91.04185,68.8,,,,3,,1410,90,9,1,,,,,,,,,,,
336,10/5/2015,,10/6/2015,,,,3,33.04584,91.04488,69,,,,5,,1410,237,23,1,,,,,,,,,,,
336,10/5/2015,,10/6/2015,,,,3,33.04584,91.04488,69,,,,5,,1410,190,19,1,,,,,,,,,,,
336,10/5/2015,,10/6/2015,,,,3,33.04584,91.04488,69,,,,5,,1410,265,26,1,,,,,,,,,,,
336,10/5/2015,,10/6/2015,,,,3,33.04584,91.04488,69,,,,5,,1410,302,30,1,,,,,,,,,,,
336,10/5/2015,,10/6/2015,,,,3,33.04584,91.04488,69,,,,5,,1410,312,31,1,,,,,,,,,,,
336,10/5/2015,,10/6/2015,,,,3,33.04584,91.04488,69,,,,5,,1410,230,23,1,,,,,,,,,,,
336,10/5/2015,,10/6/2015,,,,3,33.04584,91.04488,69,,,,5,,1410,299,29,1,,,,,,,,,,,
336,10/5/2015,,10/6/2015,,,,3,33.04584,91.04488,69,,,,5,,1410,220,22,1,,,,,,,,,,,
336,10/5/2015,,10/6/2015,,,,3,33.04584,91.04488,69,,,,5,,1410,290,29,1,,,,,,,,,,,
336,10/5/2015,,10/6/2015,,,,3,33.04584,91.04488,69,,,,5,,1410,315,31,1,,,,,,,,,,,
336,10/5/2015,,10/6/2015,,,,3,33.04584,91.04488,69,,,,5,,1410,295,29,1,,,,,,,,,,,
336,10/5/2015,,10/6/2015,,,,3,33.04584,91.04488,69,,,,5,,1410,285,28,1,,,,,,,,,,,
336,10/5/2015,,10/6/2015,,,,3,33.04584,91.04488,69,,,,5,,1410,260,26,1,,,,,,,,,,,
336,10/5/2015,,10/6/2015,,,,3,33.04584,91.04488,69,,,,5,,1410,299,29,1,,,,,,,,,,,
336,10/5/2015,,10/6/2015,,,,3,33.04584,91.04488,69,,,,5,,1410,250,25,1,,,,,,,,,,,
336,10/5/2015,,10/6/2015,,,,3,33.04584,91.04488,69,,,,5,,1410,244,24,1,,,,,,,,,,,
336,10/5/2015,,10/6/2015,,,,3,33.04584,91.04488,69,,,,5,,1410,229,22,1,,,,,,,,,,,
336,10/5/2015,,10/6/2015,,,,3,33.04584,91.04488,69,,,,5,,1410,254,25,1,,,,,,,,,,,
336,10/5/2015,,10/6/2015,,,,3,33.04584,91.04488,69,,,,5,,1410,289,28,1,,,,,,,,,,,
336,10/5/2015,,10/6/2015,,,,3,33.04584,91.04488,69,,,,5,,1410,270,27,1,,,,,,,,,,,
336,10/5/2015,,10/6/2015,,,,3,33.04584,91.04488,69,,,,5,,1410,321,32,1,,,,,,,,,,,
336,10/5/2015,,10/6/2015,,,,3,33.04584,91.04488,69,,,,5,,1410,170,17,1,,,,,,,,,,,
336,10/5/2015,,10/6/2015,,,,3,33.04584,91.04488,69,,,,5,,1410,263,26,1,,,,,,,,,,,
336,10/5/2015,,10/6/2015,,,,3,33.04584,91.04488,69,,,,5,,1410,250,25,1,,,,,,,,,,,
336,10/5/2015,,10/6/2015,,,,3,33.04584,91.04488,69,,,,5,,1410,237,23,1,,,,,,,,,,,
336,10/5/2015,,10/6/2015,,,,3,33.04584,91.04488,69,,,,5,,1410,271,27,1,,,,,,,,,,,
336,10/5/2015,,10/6/2015,,,,3,33.04584,91.04488,69,,,,5,,1410,230,23,1,,,,,,,,,,,
336,10/5/2015,,10/6/2015,,,,3,33.04584,91.04488,69,,,,5,,1410,284,28,1,,,,,,,,,,,
336,10/5/2015,,10/6/2015,,,,3,33.04584,91.04488,69,,,,5,,1410,220,22,1,,,,,,,,,,,
336,10/5/2015,,10/6/2015,,,,3,33.04584,91.04488,69,,,,5,,1410,255,25,1,,,,,,,,,,,
336,10/5/2015,,10/6/2015,,,,3,33.04584,91.04488,69,,,,5,,1410,195,19,1,,,,,,,,,,,
336,10/5/2015,,10/6/2015,,,,3,33.04584,91.04488,69,,,,5,,1409,196,19,1,,,,,,,,,,,
336,10/5/2015,,10/6/2015,,,,3,33.04584,91.04488,69,,,,5,,1409,177,17,1,,,,,,,,,,,
336,10/5/2015,,10/6/2015,,,,4,33.04665,91.04657,70.5,,,,5,,1410,286,28,1,,,,,,,,,,,
336,10/5/2015,,10/6/2015,,,,4,33.04665,91.04657,70.5,,,,5,,1410,227,22,1,,,,,,,,,,,
336,10/5/2015,,10/6/2015,,,,4,33.04665,91.04657,70.5,,,,5,,1410,242,24,1,,,,,,,,,,,
336,10/5/2015,,10/6/2015,,,,4,33.04665,91.04657,70.5,,,,5,,1410,265,26,1,,,,,,,,,,,
336,10/5/2015,,10/6/2015,,,,4,33.04665,91.04657,70.5,,,,5,,1410,250,25,1,,,,,,,,,,,
336,10/5/2015,,10/6/2015,,,,4,33.04665,91.04657,70.5,,,,5,,1410,285,28,1,,,,,,,,,,,
336,10/5/2015,,10/6/2015,,,,4,33.04665,91.04657,70.5,,,,5,,1410,216,21,1,,,,,,,,,,,
336,10/5/2015,,10/6/2015,,,,4,33.04665,91.04657,70.5,,,,5,,1410,245,24,1,,,,,,,,,,,
336,10/5/2015,,10/6/2015,,,,4,33.04665,91.04657,70.5,,,,5,,1410,263,26,1,,,,,,,,,,,
336,10/5/2015,,10/6/2015,,,,4,33.04665,91.04657,70.5,,,,5,,1410,224,22,1,,,,,,,,,,,
336,10/5/2015,,10/6/2015,,,,4,33.04665,91.04657,70.5,,,,5,,1410,210,21,1,,,,,,,,,,,
336,10/5/2015,,10/6/2015,,,,4,33.04665,91.04657,70.5,,,,5,,1410,194,19,1,,,,,,,,,,,
336,10/5/2015,,10/6/2015,,,,4,33.04665,91.04657,70.5,,,,5,,1409,371,37,1,,,,,,,,,,,
336,10/5/2015,,10/6/2015,,,,4,33.04665,91.04657,70.5,,,,5,,1409,265,26,1,,,,,,,,,,,
336,10/5/2015,,10/6/2015,,,,4,33.04665,91.04657,70.5,,,,5,,1409,190,19,1,,,,,,,,,,,
336,10/5/2015,,10/6/2015,,,,4,33.04665,91.04657,70.5,,,,5,,1409,203,20,1,,,,,,,,,,,
336,10/5/2015,,10/6/2015,,,,4,33.04665,91.04657,70.5,,,,5,,1409,230,23,1,,,,,,,,,,,
336,10/5/2015,,10/6/2015,,,,4,33.04665,91.04657,70.5,,,,5,,1409,135,13,1,,,,,,,,,,,
336,10/5/2015,,10/6/2015,,,,4,33.04665,91.04657,70.5,,,,5,,1409,190,19,1,,,,,,,,,,,
336,10/5/2015,,10/6/2015,,,,4,33.04665,91.04657,70.5,,,,5,,1409,197,19,1,,,,,,,,,,,
336,10/5/2015,,10/6/2015,,,,4,33.04665,91.04657,70.5,,,,5,,1409,226,22,1,,,,,,,,,,,
336,10/5/2015,,10/6/2015,,,,4,33.04665,91.04657,70.5,,,,5,,1409,197,19,1,,,,,,,,,,,
336,10/5/2015,,10/6/2015,,,,4,33.04665,91.04657,70.5,,,,5,,1409,154,15,1,,,,,,,,,,,
336,10/5/2015,,10/6/2015,,,,4,33.04665,91.04657,70.5,,,,5,,1409,195,19,1,,,,,,,,,,,
336,10/5/2015,,10/6/2015,,,,4,33.04665,91.04657,70.5,,,,5,,216,607,60,1,,,,,,,,,,,
336,10/5/2015,,10/6/2015,,,,4,33.04665,91.04657,70.5,,,,5,,216,560,56,1,,,,,,,,,,,
336,10/5/2015,,10/6/2015,,,,4,33.04665,91.04657,70.5,,,,5,,216,587,58,1,,,,,,,,,,,
336,10/5/2015,,10/6/2015,,,,4,33.04665,91.04657,70.5,,,,5,,1758,253,25,1,,,,,,,,,,,
336,10/5/2015,,10/6/2015,,,,4,33.04665,91.04657,70.5,,,,5,,1307,182,18,1,,,,,,,,,,,
336,10/5/2015,,10/6/2015,,,,4,33.04665,91.04657,70.5,,,,5,,1397,120,12,1,,,,,,,,,,,
336,10/5/2015,,10/6/2015,,,,5,33.05125,91.0437,21.8,,,,3,,1410,218,21,1,,,,,,,,,,,
336,10/5/2015,,10/6/2015,,,,5,33.05125,91.0437,21.8,,,,3,,1410,255,25,1,,,,,,,,,,,
336,10/5/2015,,10/6/2015,,,,5,33.05125,91.0437,21.8,,,,3,,1410,213,21,1,,,,,,,,,,,
336,10/5/2015,,10/6/2015,,,,5,33.05125,91.0437,21.8,,,,3,,1410,235,23,1,,,,,,,,,,,
336,10/5/2015,,10/6/2015,,,,5,33.05125,91.0437,21.8,,,,3,,1410,240,24,1,,,,,,,,,,,
336,10/5/2015,,10/6/2015,,,,5,33.05125,91.0437,21.8,,,,3,,1410,254,25,1,,,,,,,,,,,
336,10/5/2015,,10/6/2015,,,,5,33.05125,91.0437,21.8,,,,3,,1410,258,25,1,,,,,,,,,,,
336,10/5/2015,,10/6/2015,,,,5,33.05125,91.0437,21.8,,,,3,,1410,290,29,1,,,,,,,,,,,
336,10/5/2015,,10/6/2015,,,,5,33.05125,91.0437,21.8,,,,3,,1410,307,30,1,,,,,,,,,,,
336,10/5/2015,,10/6/2015,,,,5,33.05125,91.0437,21.8,,,,3,,1410,210,21,1,,,,,,,,,,,
336,10/5/2015,,10/6/2015,,,,5,33.05125,91.0437,21.8,,,,3,,1410,240,24,1,,,,,,,,,,,
336,10/5/2015,,10/6/2015,,,,5,33.05125,91.0437,21.8,,,,3,,1410,164,16,1,,,,,,,,,,,
336,10/5/2015,,10/6/2015,,,,5,33.05125,91.0437,21.8,,,,3,,1410,309,30,1,,,,,,,,,,,
336,10/5/2015,,10/6/2015,,,,5,33.05125,91.0437,21.8,,,,3,,1410,290,29,1,,,,,,,,,,,
336,10/5/2015,,10/6/2015,,,,5,33.05125,91.0437,21.8,,,,3,,1410,265,26,1,,,,,,,,,,,
336,10/5/2015,,10/6/2015,,,,5,33.05125,91.0437,21.8,,,,3,,1410,244,24,1,,,,,,,,,,,
336,10/5/2015,,10/6/2015,,,,5,33.05125,91.0437,21.8,,,,3,,1410,250,25,1,,,,,,,,,,,
336,10/5/2015,,10/6/2015,,,,5,33.05125,91.0437,21.8,,,,3,,1410,221,22,1,,,,,,,,,,,
336,10/5/2015,,10/6/2015,,,,5,33.05125,91.0437,21.8,,,,3,,1410,228,22,1,,,,,,,,,,,
336,10/5/2015,,10/6/2015,,,,5,33.05125,91.0437,21.8,,,,3,,1410,200,20,1,,,,,,,,,,,
336,10/5/2015,,10/6/2015,,,,5,33.05125,91.0437,21.8,,,,3,,1410,195,19,1,,,,,,,,,,,
336,10/5/2015,,10/6/2015,,,,5,33.05125,91.0437,21.8,,,,3,,1410,207,20,1,,,,,,,,,,,
336,10/5/2015,,10/6/2015,,,,5,33.05125,91.0437,21.8,,,,3,,1410,206,20,1,,,,,,,,,,,
336,10/5/2015,,10/6/2015,,,,5,33.05125,91.0437,21.8,,,,3,,1410,164,16,1,,,,,,,,,,,
336,10/5/2015,,10/6/2015,,,,5,33.05125,91.0437,21.8,,,,3,,1410,206,20,1,,,,,,,,,,,
336,10/5/2015,,10/6/2015,,,,5,33.05125,91.0437,21.8,,,,3,,1410,114,11,1,,,,,,,,,,,
336,10/5/2015,,10/6/2015,,,,5,33.05125,91.0437,21.8,,,,3,,1410,94,9,1,,,,,,,,,,,
336,10/5/2015,,10/6/2015,,,,5,33.05125,91.0437,21.8,,,,3,,1409,70,7,1,,,,,,,,,,,
336,10/5/2015,,10/6/2015,,,,5,33.05125,91.0437,21.8,,,,3,,1409,73,7,1,,,,,,,,,,,
336,10/5/2015,,10/6/2015,,,,5,33.05125,91.0437,21.8,,,,3,,1409,70,7,1,,,,,,,,,,,
336,10/5/2015,,10/6/2015,,,,5,33.05125,91.0437,21.8,,,,3,,1409,68,6,1,,,,,,,,,,,
336,10/5/2015,,10/6/2015,,,,5,33.05125,91.0437,21.8,,,,3,,1409,90,9,1,,,,,,,,,,,
336,10/5/2015,,10/6/2015,,,,5,33.05125,91.0437,21.8,,,,3,,1409,97,9,1,,,,,,,,,,,
336,10/5/2015,,10/6/2015,,,,5,33.05125,91.0437,21.8,,,,3,,1409,70,7,1,,,,,,,,,,,
336,10/5/2015,,10/6/2015,,,,5,33.05125,91.0437,21.8,,,,3,,1409,77,7,1,,,,,,,,,,,
336,10/5/2015,,10/6/2015,,,,5,33.05125,91.0437,21.8,,,,3,,1409,72,7,1,,,,,,,,,,,
336,10/5/2015,,10/6/2015,,,,5,33.05125,91.0437,21.8,,,,3,,1409,73,7,1,,,,,,,,,,,
336,10/5/2015,,10/6/2015,,,,5,33.05125,91.0437,21.8,,,,3,,1409,75,7,1,,,,,,,,,,,
336,10/5/2015,,10/6/2015,,,,5,33.05125,91.0437,21.8,,,,3,,1409,80,8,1,,,,,,,,,,,
336,10/5/2015,,10/6/2015,,,,5,33.05125,91.0437,21.8,,,,3,,1409,73,7,1,,,,,,,,,,,
336,10/5/2015,,10/6/2015,,,,5,33.05125,91.0437,21.8,,,,3,,1409,74,7,1,,,,,,,,,,,
336,10/5/2015,,10/6/2015,,,,5,33.05125,91.0437,21.8,,,,3,,1409,91,9,1,,,,,,,,,,,
336,10/5/2015,,10/6/2015,,,,5,33.05125,91.0437,21.8,,,,3,,1409,76,7,1,,,,,,,,,,,
336,10/5/2015,,10/6/2015,,,,5,33.05125,91.0437,21.8,,,,3,,1409,70,7,1,,,,,,,,,,,
336,10/5/2015,,10/6/2015,,,,5,33.05125,91.0437,21.8,,,,3,,1409,80,8,1,,,,,,,,,,,
336,10/5/2015,,10/6/2015,,,,5,33.05125,91.0437,21.8,,,,3,,1409,80,8,1,,,,,,,,,,,
336,10/5/2015,,10/6/2015,,,,5,33.05125,91.0437,21.8,,,,3,,1409,83,8,1,,,,,,,,,,,
336,10/5/2015,,10/6/2015,,,,5,33.05125,91.0437,21.8,,,,3,,1409,90,9,1,,,,,,,,,,,
336,10/5/2015,,10/6/2015,,,,5,33.05125,91.0437,21.8,,,,3,,1409,76,7,1,,,,,,,,,,,
336,10/5/2015,,10/6/2015,,,,5,33.05125,91.0437,21.8,,,,3,,1409,82,8,1,,,,,,,,,,,
336,10/5/2015,,10/6/2015,,,,6,33.05226,91.03435,20.7,,,,5,,1409,83,8,1,,,,,,,,,,,
336,10/5/2015,,10/6/2015,,,,6,33.05226,91.03435,20.7,,,,5,,1410,257,25,1,,,,,,,,,,,
336,10/5/2015,,10/6/2015,,,,6,33.05226,91.03435,20.7,,,,5,,1410,332,33,1,,,,,,,,,,,
336,10/5/2015,,10/6/2015,,,,6,33.05226,91.03435,20.7,,,,5,,1410,292,29,1,,,,,,,,,,,
336,10/5/2015,,10/6/2015,,,,6,33.05226,91.03435,20.7,,,,5,,1410,175,17,1,,,,,,,,,,,
336,10/5/2015,,10/6/2015,,,,6,33.05226,91.03435,20.7,,,,5,,468,553,55,1,,,,,,,,,,,
336,10/5/2015,,10/6/2015,,,,6,33.05226,91.03435,20.7,,,,5,,311,190,19,1,,,,,,,,,,,
336,10/5/2015,,10/6/2015,,,,6,33.05226,91.03435,20.7,,,,5,,1395,188,18,1,,,,,,,,,,,
336,10/5/2015,,10/6/2015,,,,6,33.05226,91.03435,20.7,,,,5,,1397,165,16,1,,,,,,,,,,,
336,10/5/2015,,10/6/2015,,,,7,33.06109,91.04786,22.2,,,,3,,940,542,54,1,,,,,,,,,,,
336,10/5/2015,,10/6/2015,,,,7,33.06109,91.04786,22.2,,,,3,,312,60,6,1,,,,,,,,,,,
336,10/5/2015,,10/6/2015,,,,7,33.06109,91.04786,22.2,,,,3,,1410,87,8,1,,,,,,,,,,,
336,10/5/2015,,10/6/2015,,,,7,33.06109,91.04786,22.2,,,,3,,1410,82,8,1,,,,,,,,,,,
336,10/5/2015,,10/6/2015,,,,7,33.06109,91.04786,22.2,,,,3,,1409,70,7,1,,,,,,,,,,,
336,10/5/2015,,10/6/2015,,,,7,33.06109,91.04786,22.2,,,,3,,1409,74,7,1,,,,,,,,,,,
336,10/5/2015,,10/6/2015,,,,7,33.06109,91.04786,22.2,,,,3,,1409,80,8,1,,,,,,,,,,,
336,10/5/2015,,10/6/2015,,,,7,33.06109,91.04786,22.2,,,,3,,1409,77,7,1,,,,,,,,,,,
336,10/5/2015,,10/6/2015,,,,7,33.06109,91.04786,22.2,,,,3,,1409,68,6,1,,,,,,,,,,,
336,10/5/2015,,10/6/2015,,,,7,33.06109,91.04786,22.2,,,,3,,1409,80,8,1,,,,,,,,,,,
336,10/5/2015,,10/6/2015,,,,7,33.06109,91.04786,22.2,,,,3,,1409,69,6,1,,,,,,,,,,,
336,10/5/2015,,10/6/2015,,,,7,33.06109,91.04786,22.2,,,,3,,1409,74,7,1,,,,,,,,,,,
336,10/5/2015,,10/6/2015,,,,7,33.06109,91.04786,22.2,,,,3,,1409,74,7,1,,,,,,,,,,,
336,10/5/2015,,10/6/2015,,,,7,33.06109,91.04786,22.2,,,,3,,1409,67,6,1,,,,,,,,,,,
336,10/5/2015,,10/6/2015,,,,7,33.06109,91.04786,22.2,,,,3,,1409,77,7,1,,,,,,,,,,,
336,10/5/2015,,10/6/2015,,,,7,33.06109,91.04786,22.2,,,,3,,1409,73,7,1,,,,,,,,,,,
336,10/5/2015,,10/6/2015,,,,7,33.06109,91.04786,22.2,,,,3,,1409,72,7,1,,,,,,,,,,,
336,10/5/2015,,10/6/2015,,,,7,33.06109,91.04786,22.2,,,,3,,1409,64,6,1,,,,,,,,,,,
336,10/5/2015,,10/6/2015,,,,7,33.06109,91.04786,22.2,,,,3,,1409,74,7,1,,,,,,,,,,,
336,10/5/2015,,10/6/2015,,,,7,33.06109,91.04786,22.2,,,,3,,1409,73,7,1,,,,,,,,,,,
336,10/5/2015,,10/6/2015,,,,7,33.06109,91.04786,22.2,,,,3,,1409,101,10,1,,,,,,,,,,,
336,10/5/2015,,10/6/2015,,,,7,33.06109,91.04786,22.2,,,,3,,312,71,7,1,,,,,,,,,,,
336,10/5/2015,,10/6/2015,,,,7,33.06109,91.04786,22.2,,,,3,,1409,121,12,1,,,,,,,,,,,
336,10/5/2015,,10/6/2015,,,,7,33.06109,91.04786,22.2,,,,3,,1410,241,24,1,,,,,,,,,,,
336,10/5/2015,,10/6/2015,,,,7,33.06109,91.04786,22.2,,,,3,,1410,220,22,1,,,,,,,,,,,
336,10/5/2015,,10/6/2015,,,,7,33.06109,91.04786,22.2,,,,3,,1410,171,17,1,,,,,,,,,,,
336,10/5/2015,,10/6/2015,,,,7,33.06109,91.04786,22.2,,,,3,,1410,154,15,1,,,,,,,,,,,
336,10/5/2015,,10/6/2015,,,,7,33.06109,91.04786,22.2,,,,3,,1410,237,23,1,,,,,,,,,,,
336,10/5/2015,,10/6/2015,,,,7,33.06109,91.04786,22.2,,,,3,,1410,212,21,1,,,,,,,,,,,
336,10/5/2015,,10/6/2015,,,,7,33.06109,91.04786,22.2,,,,3,,1410,255,25,1,,,,,,,,,,,
336,10/5/2015,,10/6/2015,,,,7,33.06109,91.04786,22.2,,,,3,,1410,197,19,1,,,,,,,,,,,
336,10/5/2015,,10/6/2015,,,,7,33.06109,91.04786,22.2,,,,3,,1410,195,19,1,,,,,,,,,,,
336,10/5/2015,,10/6/2015,,,,7,33.06109,91.04786,22.2,,,,3,,1410,221,22,1,,,,,,,,,,,
336,10/5/2015,,10/6/2015,,,,7,33.06109,91.04786,22.2,,,,3,,1410,185,18,1,,,,,,,,,,,
336,10/5/2015,,10/6/2015,,,,7,33.06109,91.04786,22.2,,,,3,,1410,185,18,1,,,,,,,,,,,
336,10/5/2015,,10/6/2015,,,,7,33.06109,91.04786,22.2,,,,3,,1410,313,31,1,,,,,,,,,,,
336,10/5/2015,,10/6/2015,,,,7,33.06109,91.04786,22.2,,,,3,,1410,156,15,1,,,,,,,,,,,
336,10/5/2015,,10/6/2015,,,,7,33.06109,91.04786,22.2,,,,3,,1410,177,17,1,,,,,,,,,,,
336,10/5/2015,,10/6/2015,,,,7,33.06109,91.04786,22.2,,,,3,,1410,148,14,1,,,,,,,,,,,
336,10/5/2015,,10/6/2015,,,,7,33.06109,91.04786,22.2,,,,3,,1410,221,22,1,,,,,,,,,,,
336,10/5/2015,,10/6/2015,,,,7,33.06109,91.04786,22.2,,,,3,,1410,106,10,1,,,,,,,,,,,
336,10/5/2015,,10/6/2015,,,,7,33.06109,91.04786,22.2,,,,3,,1410,130,13,1,,,,,,,,,,,
336,10/5/2015,,10/6/2015,,,,7,33.06109,91.04786,22.2,,,,3,,1409,143,14,1,,,,,,,,,,,
336,10/5/2015,,10/6/2015,,,,7,33.06109,91.04786,22.2,,,,3,,1409,75,7,1,,,,,,,,,,,
336,10/5/2015,,10/6/2015,,,,8,33.06705,91.05043,22.8,,,,5,,311,182,18,1,,,,,,,,,,,
336,10/5/2015,,10/6/2015,,,,8,33.8705,91.05043,22.8,,,,5,,311,182,18,1,,,,,,,,,,,
336,10/5/2015,,10/6/2015,,,,8,33.8705,91.05043,22.8,,,,5,,1409,186,18,1,,,,,,,,,,,
336,10/5/2015,,10/6/2015,,,,8,33.8705,91.05043,22.8,,,,5,,1397,177,17,1,,,,,,,,,,,
336,10/5/2015,,10/6/2015,,,,8,33.8705,91.05043,22.8,,,,5,,1410,181,18,1,,,,,,,,,,,
336,10/5/2015,,10/6/2015,,,,8,33.8705,91.05043,22.8,,,,5,,1410,182,18,1,,,,,,,,,,,
336,10/5/2015,,10/6/2015,,,,8,33.8705,91.05043,22.8,,,,5,,1410,233,23,1,,,,,,,,,,,
336,10/5/2015,,10/6/2015,,,,8,33.8705,91.05043,22.8,,,,5,,1410,225,22,1,,,,,,,,,,,
336,10/5/2015,,10/6/2015,,,,8,33.8705,91.05043,22.8,,,,5,,1410,157,15,1,,,,,,,,,,,
336,10/5/2015,,10/6/2015,,,,8,33.8705,91.05043,22.8,,,,5,,1410,269,26,1,,,,,,,,,,,
336,10/5/2015,,10/6/2015,,,,8,33.8705,91.05043,22.8,,,,5,,1410,258,25,1,,,,,,,,,,,
336,10/5/2015,,10/6/2015,,,,8,33.8705,91.05043,22.8,,,,5,,1410,202,20,1,,,,,,,,,,,
336,10/5/2015,,10/6/2015,,,,8,33.8705,91.05043,22.8,,,,5,,1409,205,20,1,,,,,,,,,,,
336,10/5/2015,,10/6/2015,,,,8,33.8705,91.05043,22.8,,,,5,,1410,250,25,1,,,,,,,,,,,
336,10/5/2015,,10/6/2015,,,,8,33.8705,91.05043,22.8,,,,5,,1410,281,28,1,,,,,,,,,,,
336,10/5/2015,,10/6/2015,,,,8,33.8705,91.05043,22.8,,,,5,,1410,272,27,1,,,,,,,,,,,
336,10/5/2015,,10/6/2015,,,,8,33.8705,91.05043,22.8,,,,5,,1409,207,20,1,,,,,,,,,,,
336,10/5/2015,,10/6/2015,,,,8,33.8705,91.05043,22.8,,,,5,,1409,223,22,1,,,,,,,,,,,
336,10/5/2015,,10/6/2015,,,,8,33.8705,91.05043,22.8,,,,5,,1410,145,14,1,,,,,,,,,,,
336,10/5/2015,,10/6/2015,,,,8,33.8705,91.05043,22.8,,,,5,,1410,225,22,1,,,,,,,,,,,
336,10/5/2015,,10/6/2015,,,,8,33.8705,91.05043,22.8,,,,5,,1409,190,19,1,,,,,,,,,,,
336,10/5/2015,,10/6/2015,,,,8,33.8705,91.05043,22.8,,,,5,,1409,208,20,1,,,,,,,,,,,
336,10/5/2015,,10/6/2015,,,,8,33.8705,91.05043,22.8,,,,5,,1410,236,23,1,,,,,,,,,,,
336,10/5/2015,,10/6/2015,,,,8,33.8705,91.05043,22.8,,,,5,,1410,234,23,1,,,,,,,,,,,
336,10/5/2015,,10/6/2015,,,,8,33.8705,91.05043,22.8,,,,5,,1410,232,23,1,,,,,,,,,,,
336,10/5/2015,,10/6/2015,,,,8,33.8705,91.05043,22.8,,,,5,,1410,228,22,1,,,,,,,,,,,
336,10/5/2015,,10/6/2015,,,,8,33.8705,91.05043,22.8,,,,5,,1410,256,25,1,,,,,,,,,,,
336,10/5/2015,,10/6/2015,,,,8,33.8705,91.05043,22.8,,,,5,,1410,149,14,1,,,,,,,,,,,
336,10/5/2015,,10/6/2015,,,,8,33.8705,91.05043,22.8,,,,5,,1410,188,18,1,,,,,,,,,,,
336,10/5/2015,,10/6/2015,,,,8,33.8705,91.05043,22.8,,,,5,,1410,173,17,1,,,,,,,,,,,
336,10/5/2015,,10/6/2015,,,,8,33.8705,91.05043,22.8,,,,5,,1410,145,14,1,,,,,,,,,,,
336,10/5/2015,,10/6/2015,,,,8,33.8705,91.05043,22.8,,,,5,,1410,157,15,1,,,,,,,,,,,
336,10/5/2015,,10/6/2015,,,,8,33.8705,91.05043,22.8,,,,5,,1307,155,15,1,,,,,,,,,,,
336,10/5/2015,,10/6/2015,,,,8,33.8705,91.05043,22.8,,,,5,,1410,203,20,1,,,,,,,,,,,
336,10/5/2015,,10/6/2015,,,,8,33.8705,91.05043,22.8,,,,5,,1410,166,16,1,,,,,,,,,,,
336,10/5/2015,,10/6/2015,,,,8,33.8705,91.05043,22.8,,,,5,,1397,144,14,1,,,,,,,,,,,
336,10/5/2015,,10/6/2015,,,,9,33.08397,91.04864,21.7,,,,3,,312,72,7,1,,,,,,,,,,,
336,10/5/2015,,10/6/2015,,,,9,33.08397,91.04864,21.7,,,,3,,312,55,5,1,,torn net,,,,,,,,,
336,10/5/2015,,10/6/2015,,,,9,33.08397,91.04864,21.7,,,,3,,312,54,5,1,,torn net,,,,,,,,,
336,10/5/2015,,10/6/2015,,,,9,33.08397,91.04864,21.7,,,,3,,312,60,6,1,,torn net,,,,,,,,,
336,10/5/2015,,10/6/2015,,,,9,33.08397,91.04864,21.7,,,,3,,312,71,7,1,,torn net,,,,,,,,,
336,10/5/2015,,10/6/2015,,,,9,33.08397,91.04864,21.7,,,,3,,312,61,6,1,,torn net,,,,,,,,,
336,10/5/2015,,10/6/2015,,,,9,33.08397,91.04864,21.7,,,,3,,1410,287,28,1,,torn net,,,,,,,,,
336,10/5/2015,,10/6/2015,,,,9,33.08397,91.04864,21.7,,,,3,,1395,200,20,1,,torn net,,,,,,,,,
336,10/5/2015,,10/6/2015,,,,9,33.08397,91.04864,21.7,,,,3,,1307,244,24,1,,torn net,,,,,,,,,
336,10/5/2015,,10/6/2015,,,,10,33.08612,91.044,21.6,,,,5,,1410,250,25,1,,net spun,,,,,,,,,
336,10/5/2015,,10/6/2015,,,,10,33.08612,91.044,21.6,,,,5,,1410,333,33,1,,,,,,,,,,,
336,10/5/2015,,10/6/2015,,,,10,33.08612,91.044,21.6,,,,5,,1410,257,25,1,,,,,,,,,,,
336,10/5/2015,,10/6/2015,,,,10,33.08612,91.044,21.6,,,,5,,1410,271,27,1,,,,,,,,,,,
336,10/5/2015,,10/6/2015,,,,10,33.08612,91.044,21.6,,,,5,,1410,244,24,1,,,,,,,,,,,
336,10/5/2015,,10/6/2015,,,,10,33.08612,91.044,21.6,,,,5,,1410,253,25,1,,,,,,,,,,,
336,10/5/2015,,10/6/2015,,,,10,33.08612,91.044,21.6,,,,5,,1410,321,32,1,,,,,,,,,,,
336,10/5/2015,,10/6/2015,,,,10,33.08612,91.044,21.6,,,,5,,1410,246,24,1,,,,,,,,,,,
336,10/5/2015,,10/6/2015,,,,10,33.08612,91.044,21.6,,,,5,,1410,316,31,1,,,,,,,,,,,
336,10/5/2015,,10/6/2015,,,,10,33.08612,91.044,21.6,,,,5,,1410,240,24,1,,,,,,,,,,,
336,10/5/2015,,10/6/2015,,,,10,33.08612,91.044,21.6,,,,5,,1410,239,23,1,,,,,,,,,,,
336,10/5/2015,,10/6/2015,,,,10,33.08612,91.044,21.6,,,,5,,1410,256,25,1,,,,,,,,,,,
336,10/5/2015,,10/6/2015,,,,10,33.08612,91.044,21.6,,,,5,,311,316,31,1,,,,,,,,,,,
336,10/5/2015,,10/6/2015,,,,10,33.08612,91.044,21.6,,,,5,,1758,305,30,1,,,,,,,,,,,
336,10/5/2015,,10/6/2015,,,,10,33.08612,91.044,21.6,,,,5,,1758,333,33,1,,,,,,,,,,,
336,10/5/2015,,10/6/2015,,,,10,33.08612,91.044,21.6,,,,5,,1758,274,27,1,,,,,,,,,,,
336,10/5/2015,,10/6/2015,,,,10,33.08612,91.044,21.6,,,,5,,1758,300,30,1,,,,,,,,,,,
336,10/5/2015,,10/6/2015,,,,10,33.08612,91.044,21.6,,,,5,,1758,368,36,1,,,,,,,,,,,
336,10/5/2015,,10/6/2015,,,,10,33.08612,91.044,21.6,,,,5,,1758,317,31,1,,,,,,,,,,,
336,10/5/2015,,10/6/2015,,,,10,33.08612,91.044,21.6,,,,5,,1758,295,29,1,,,,,,,,,,,
336,10/5/2015,,10/6/2015,,,,10,33.08612,91.044,21.6,,,,5,,1758,295,29,1,,,,,,,,,,,
336,10/5/2015,,10/6/2015,,,,10,33.08612,91.044,21.6,,,,5,,1758,324,32,1,,,,,,,,,,,
336,10/5/2015,,10/6/2015,,,,10,33.08612,91.044,21.6,,,,5,,1758,405,40,1,,,,,,,,,,,
336,10/5/2015,,10/6/2015,,,,10,33.08612,91.044,21.6,,,,5,,311,245,24,1,,,,,,,,,,,
336,10/5/2015,,10/6/2015,,,,10,33.08612,91.044,21.6,,,,5,,1307,263,26,1,,,,,,,,,,,
336,10/5/2015,,10/6/2015,,,,10,33.08612,91.044,21.6,,,,5,,910,225,22,1,,,,,,,,,,,
336,10/5/2015,,10/6/2015,,,,10,33.08612,91.044,21.6,,,,5,,1758,272,27,1,,,,,,,,,,,
336,10/5/2015,,10/6/2015,,,,10,33.08612,91.044,21.6,,,,5,,1307,209,20,1,,,,,,,,,,,
336,10/5/2015,,10/6/2015,,,,10,33.08612,91.044,21.6,,,,5,,1409,138,13,1,,,,,,,,,,,
336,10/5/2015,,10/6/2015,,,,10,33.08612,91.044,21.6,,,,5,,1410,139,13,1,,,,,,,,,,,
336,10/5/2015,,10/6/2015,,,,11,33.09791,91.0648,21.8,,,,3,,1396,85,8,1,,,,,,,,,,,
336,10/5/2015,,10/6/2015,,,,11,33.09791,91.0648,21.8,,,,3,,1396,67,6,1,,,,,,,,,,,
336,10/5/2015,,10/6/2015,,,,11,33.09791,91.0648,21.8,,,,3,,1396,67,6,1,,,,,,,,,,,
336,10/5/2015,,10/6/2015,,,,11,33.09791,91.0648,21.8,,,,3,,1395,117,11,1,,,,,,,,,,,
336,10/5/2015,,10/6/2015,,,,11,33.09791,91.0648,21.8,,,,3,,1409,70,7,1,,,,,,,,,,,
336,10/5/2015,,10/6/2015,,,,11,33.09791,91.0648,21.8,,,,3,,1409,72,7,1,,,,,,,,,,,
336,10/5/2015,,10/6/2015,,,,11,33.09791,91.0648,21.8,,,,3,,1409,93,9,1,,,,,,,,,,,
336,10/5/2015,,10/6/2015,,,,11,33.09791,91.0648,21.8,,,,3,,1409,113,11,1,,,,,,,,,,,
336,10/5/2015,,10/6/2015,,,,11,33.09791,91.0648,21.8,,,,3,,1409,77,7,1,,,,,,,,,,,
336,10/5/2015,,10/6/2015,,,,11,33.09791,91.0648,21.8,,,,3,,1410,113,11,1,,,,,,,,,,,
336,10/5/2015,,10/6/2015,,,,11,33.09791,91.0648,21.8,,,,3,,1410,147,14,1,,,,,,,,,,,
336,10/5/2015,,10/6/2015,,,,12,33.091,91.03742,21.4,,,,5,,1410,165,16,1,,,,,,,,,,,
336,10/5/2015,,10/6/2015,,,,12,33.091,91.03742,21.4,,,,5,,1410,135,13,1,,,,,,,,,,,
336,10/5/2015,,10/6/2015,,,,12,33.091,91.03742,21.4,,,,5,,1410,210,21,1,,,,,,,,,,,
336,10/5/2015,,10/6/2015,,,,12,33.091,91.03742,21.4,,,,5,,1410,215,21,1,,,,,,,,,,,
336,10/5/2015,,10/6/2015,,,,12,33.091,91.03742,21.4,,,,5,,1410,165,16,1,,,,,,,,,,,
336,10/5/2015,,10/6/2015,,,,12,33.091,91.03742,21.4,,,,5,,1410,166,16,1,,,,,,,,,,,
336,10/5/2015,,10/6/2015,,,,12,33.091,91.03742,21.4,,,,5,,1410,255,25,1,,,,,,,,,,,
336,10/5/2015,,10/6/2015,,,,12,33.091,91.03742,21.4,,,,5,,1410,223,22,1,,,,,,,,,,,
336,10/5/2015,,10/6/2015,,,,12,33.091,91.03742,21.4,,,,5,,1410,225,22,1,,,,,,,,,,,
336,10/5/2015,,10/6/2015,,,,12,33.091,91.03742,21.4,,,,5,,1410,301,30,1,,,,,,,,,,,
336,10/5/2015,,10/6/2015,,,,12,33.091,91.03742,21.4,,,,5,,1410,235,23,1,,,,,,,,,,,
336,10/5/2015,,10/6/2015,,,,12,33.091,91.03742,21.4,,,,5,,1410,315,31,1,,,,,,,,,,,
336,10/5/2015,,10/6/2015,,,,12,33.091,91.03742,21.4,,,,5,,1410,303,30,1,,,,,,,,,,,
336,10/5/2015,,10/6/2015,,,,12,33.091,91.03742,21.4,,,,5,,1410,241,24,1,,,,,,,,,,,
336,10/5/2015,,10/6/2015,,,,12,33.091,91.03742,21.4,,,,5,,1410,261,26,1,,,,,,,,,,,
336,10/5/2015,,10/6/2015,,,,12,33.091,91.03742,21.4,,,,5,,1410,269,26,1,,,,,,,,,,,
336,10/5/2015,,10/6/2015,,,,12,33.091,91.03742,21.4,,,,5,,1410,241,24,1,,,,,,,,,,,
336,10/5/2015,,10/6/2015,,,,12,33.091,91.03742,21.4,,,,5,,1410,277,27,1,,,,,,,,,,,
336,10/5/2015,,10/6/2015,,,,12,33.091,91.03742,21.4,,,,5,,1410,267,26,1,,,,,,,,,,,
336,10/5/2015,,10/6/2015,,,,12,33.091,91.03742,21.4,,,,5,,1410,274,27,1,,,,,,,,,,,
336,10/5/2015,,10/6/2015,,,,12,33.091,91.03742,21.4,,,,5,,1410,242,24,1,,,,,,,,,,,
336,10/5/2015,,10/6/2015,,,,12,33.091,91.03742,21.4,,,,5,,1410,190,19,1,,,,,,,,,,,
336,10/5/2015,,10/6/2015,,,,12,33.091,91.03742,21.4,,,,5,,1410,195,19,1,,,,,,,,,,,
336,10/5/2015,,10/6/2015,,,,12,33.091,91.03742,21.4,,,,5,,1410,248,24,1,,,,,,,,,,,
336,10/5/2015,,10/6/2015,,,,12,33.091,91.03742,21.4,,,,5,,1410,233,23,1,,,,,,,,,,,
336,10/5/2015,,10/6/2015,,,,12,33.091,91.03742,21.4,,,,5,,1410,255,25,1,,,,,,,,,,,
336,10/5/2015,,10/6/2015,,,,12,33.091,91.03742,21.4,,,,5,,1410,254,25,1,,,,,,,,,,,
336,10/5/2015,,10/6/2015,,,,12,33.091,91.03742,21.4,,,,5,,1410,176,17,1,,,,,,,,,,,
336,10/5/2015,,10/6/2015,,,,12,33.091,91.03742,21.4,,,,5,,1410,152,15,1,,,,,,,,,,,
336,10/5/2015,,10/6/2015,,,,12,33.091,91.03742,21.4,,,,5,,1410,250,25,1,,,,,,,,,,,
336,10/5/2015,,10/6/2015,,,,12,33.091,91.03742,21.4,,,,5,,1410,197,19,1,,,,,,,,,,,
336,10/5/2015,,10/6/2015,,,,12,33.091,91.03742,21.4,,,,5,,1410,236,23,1,,,,,,,,,,,
336,10/5/2015,,10/6/2015,,,,12,33.091,91.03742,21.4,,,,5,,1410,282,28,1,,,,,,,,,,,
336,10/5/2015,,10/6/2015,,,,12,33.091,91.03742,21.4,,,,5,,1410,247,24,1,,,,,,,,,,,
336,10/5/2015,,10/6/2015,,,,12,33.091,91.03742,21.4,,,,5,,1410,183,18,1,,,,,,,,,,,
336,10/5/2015,,10/6/2015,,,,12,33.091,91.03742,21.4,,,,5,,1410,258,25,1,,,,,,,,,,,
336,10/5/2015,,10/6/2015,,,,12,33.091,91.03742,21.4,,,,5,,1410,220,22,1,,,,,,,,,,,
336,10/5/2015,,10/6/2015,,,,12,33.091,91.03742,21.4,,,,5,,1410,195,19,1,,,,,,,,,,,
336,10/5/2015,,10/6/2015,,,,12,33.091,91.03742,21.4,,,,5,,1410,251,25,1,,,,,,,,,,,
336,10/5/2015,,10/6/2015,,,,12,33.091,91.03742,21.4,,,,5,,1410,262,26,1,,,,,,,,,,,
336,10/5/2015,,10/6/2015,,,,12,33.091,91.03742,21.4,,,,5,,1410,273,27,1,,,,,,,,,,,
336,10/5/2015,,10/6/2015,,,,12,33.091,91.03742,21.4,,,,5,,1410,178,17,1,,,,,,,,,,,
336,10/5/2015,,10/6/2015,,,,12,33.091,91.03742,21.4,,,,5,,1409,155,15,1,,,,,,,,,,,
336,10/5/2015,,10/6/2015,,,,12,33.091,91.03742,21.4,,,,5,,1409,228,22,1,,,,,,,,,,,
336,10/5/2015,,10/6/2015,,,,12,33.091,91.03742,21.4,,,,5,,1409,177,17,1,,,,,,,,,,,
336,10/5/2015,,10/6/2015,,,,12,33.091,91.03742,21.4,,,,5,,1409,180,18,1,,,,,,,,,,,
336,10/5/2015,,10/6/2015,,,,12,33.091,91.03742,21.4,,,,5,,1758,252,25,1,,,,,,,,,,,
336,10/5/2015,,10/6/2015,,,,12,33.091,91.03742,21.4,,,,5,,1758,306,30,1,,,,,,,,,,,
336,10/5/2015,,10/6/2015,,,,12,33.091,91.03742,21.4,,,,5,,910,430,43,1,,,,,,,,,,,
336,10/6/2015,,10/7/2015,,,,13,33.03548,91.04156,22.2,,,,3,,216,681,68,1,,,,,,,,,,,
336,10/6/2015,,10/7/2015,,,,13,33.03548,91.04156,22.2,,,,3,,1758,287,28,1,,,,,,,,,,,
336,10/6/2015,,10/7/2015,,,,13,33.03548,91.04156,22.2,,,,3,,910,504,50,1,,,,,,,,,,,
336,10/6/2015,,10/7/2015,,,,13,33.03548,91.04156,22.2,,,,3,,1396,58,5,1,,,,,,,,,,,
336,10/6/2015,,10/7/2015,,,,13,33.03548,91.04156,22.2,,,,3,,1396,67,6,1,,,,,,,,,,,
336,10/6/2015,,10/7/2015,,,,13,33.03548,91.04156,22.2,,,,3,,1395,92,9,1,,,,,,,,,,,
336,10/6/2015,,10/7/2015,,,,13,33.03548,91.04156,22.2,,,,3,,910,101,10,1,,,,,,,,,,,
336,10/6/2015,,10/7/2015,,,,13,33.03548,91.04156,22.2,,,,3,,1410,255,25,1,,,,,,,,,,,
336,10/6/2015,,10/7/2015,,,,13,33.03548,91.04156,22.2,,,,3,,1410,277,27,1,,,,,,,,,,,
336,10/6/2015,,10/7/2015,,,,13,33.03548,91.04156,22.2,,,,3,,1410,230,23,1,,,,,,,,,,,
336,10/6/2015,,10/7/2015,,,,13,33.03548,91.04156,22.2,,,,3,,1410,348,34,1,,,,,,,,,,,
336,10/6/2015,,10/7/2015,,,,13,33.03548,91.04156,22.2,,,,3,,1410,250,25,1,,,,,,,,,,,
336,10/6/2015,,10/7/2015,,,,13,33.03548,91.04156,22.2,,,,3,,1410,215,21,1,,,,,,,,,,,
336,10/6/2015,,10/7/2015,,,,13,33.03548,91.04156,22.2,,,,3,,1410,163,16,1,,,,,,,,,,,
336,10/6/2015,,10/7/2015,,,,13,33.03548,91.04156,22.2,,,,3,,1410,217,21,1,,,,,,,,,,,
336,10/6/2015,,10/7/2015,,,,13,33.03548,91.04156,22.2,,,,3,,1410,214,21,1,,,,,,,,,,,
336,10/6/2015,,10/7/2015,,,,13,33.03548,91.04156,22.2,,,,3,,1410,251,25,1,,,,,,,,,,,
336,10/6/2015,,10/7/2015,,,,13,33.03548,91.04156,22.2,,,,3,,1410,111,11,1,,,,,,,,,,,
336,10/6/2015,,10/7/2015,,,,13,33.03548,91.04156,22.2,,,,3,,1410,182,18,1,,,,,,,,,,,
336,10/6/2015,,10/7/2015,,,,13,33.03548,91.04156,22.2,,,,3,,1410,87,8,1,,,,,,,,,,,
336,10/6/2015,,10/7/2015,,,,13,33.03548,91.04156,22.2,,,,3,,1395,160,16,1,,,,,,,,,,,
336,10/6/2015,,10/7/2015,,,,13,33.03548,91.04156,22.2,,,,3,,910,141,14,1,,,,,,,,,,,
336,10/6/2015,,10/7/2015,,,,13,33.03548,91.04156,22.2,,,,3,,1409,187,18,1,,,,,,,,,,,
336,10/6/2015,,10/7/2015,,,,13,33.03548,91.04156,22.2,,,,3,,1409,206,20,1,,,,,,,,,,,
336,10/6/2015,,10/7/2015,,,,13,33.03548,91.04156,22.2,,,,3,,1409,225,22,1,,,,,,,,,,,
336,10/6/2015,,10/7/2015,,,,13,33.03548,91.04156,22.2,,,,3,,1409,229,22,1,,,,,,,,,,,
336,10/6/2015,,10/7/2015,,,,13,33.03548,91.04156,22.2,,,,3,,1409,77,7,1,,,,,,,,,,,
336,10/6/2015,,10/7/2015,,,,13,33.03548,91.04156,22.2,,,,3,,1409,77,7,1,,,,,,,,,,,
336,10/6/2015,,10/7/2015,,,,13,33.03548,91.04156,22.2,,,,3,,1409,83,8,1,,,,,,,,,,,
336,10/6/2015,,10/7/2015,,,,13,33.03548,91.04156,22.2,,,,3,,1409,81,8,1,,,,,,,,,,,
336,10/6/2015,,10/7/2015,,,,13,33.03548,91.04156,22.2,,,,3,,1409,103,10,1,,,,,,,,,,,
336,10/6/2015,,10/7/2015,,,,13,33.03548,91.04156,22.2,,,,3,,1410,271,27,1,,,,,,,,,,,
336,10/6/2015,,10/7/2015,,,,13,33.03548,91.04156,22.2,,,,3,,1410,252,25,1,,,,,,,,,,,
336,10/6/2015,,10/7/2015,,,,14,33.04145,91.04185,22.2,,,,3,,1410,277,27,1,,,,,,,,,,,
336,10/6/2015,,10/7/2015,,,,14,33.04145,91.04185,22.2,,,,3,,1410,245,24,1,,,,,,,,,,,
336,10/6/2015,,10/7/2015,,,,14,33.04145,91.04185,22.2,,,,3,,1410,142,14,1,,,,,,,,,,,
336,10/6/2015,,10/7/2015,,,,14,33.04145,91.04185,22.2,,,,3,,1410,229,22,1,,,,,,,,,,,
336,10/6/2015,,10/7/2015,,,,14,33.04145,91.04185,22.2,,,,3,,1410,229,22,1,,,,,,,,,,,
336,10/6/2015,,10/7/2015,,,,14,33.04145,91.04185,22.2,,,,3,,1410,274,27,1,,,,,,,,,,,
336,10/6/2015,,10/7/2015,,,,14,33.04145,91.04185,22.2,,,,3,,1410,81,8,1,,,,,,,,,,,
336,10/6/2015,,10/7/2015,,,,14,33.04145,91.04185,22.2,,,,3,,1410,245,24,1,,,,,,,,,,,
336,10/6/2015,,10/7/2015,,,,14,33.04145,91.04185,22.2,,,,3,,1410,233,23,1,,,,,,,,,,,
336,10/6/2015,,10/7/2015,,,,14,33.04145,91.04185,22.2,,,,3,,1410,251,25,1,,,,,,,,,,,
336,10/6/2015,,10/7/2015,,,,14,33.04145,91.04185,22.2,,,,3,,1410,232,23,1,,,,,,,,,,,
336,10/6/2015,,10/7/2015,,,,14,33.04145,91.04185,22.2,,,,3,,1410,289,28,1,,,,,,,,,,,
336,10/6/2015,,10/7/2015,,,,14,33.04145,91.04185,22.2,,,,3,,1410,97,9,1,,,,,,,,,,,
336,10/6/2015,,10/7/2015,,,,14,33.04145,91.04185,22.2,,,,3,,1410,244,24,1,,,,,,,,,,,
336,10/6/2015,,10/7/2015,,,,14,33.04145,91.04185,22.2,,,,3,,1410,241,24,1,,,,,,,,,,,
336,10/6/2015,,10/7/2015,,,,14,33.04145,91.04185,22.2,,,,3,,1410,233,23,1,,,,,,,,,,,
336,10/6/2015,,10/7/2015,,,,14,33.04145,91.04185,22.2,,,,3,,1410,219,21,1,,,,,,,,,,,
336,10/6/2015,,10/7/2015,,,,14,33.04145,91.04185,22.2,,,,3,,1410,232,23,1,,,,,,,,,,,
336,10/6/2015,,10/7/2015,,,,14,33.04145,91.04185,22.2,,,,3,,1410,150,15,1,,,,,,,,,,,
336,10/6/2015,,10/7/2015,,,,14,33.04145,91.04185,22.2,,,,3,,1410,79,7,1,,,,,,,,,,,
336,10/6/2015,,10/7/2015,,,,14,33.04145,91.04185,22.2,,,,3,,1410,125,12,1,,,,,,,,,,,
336,10/6/2015,,10/7/2015,,,,14,33.04145,91.04185,22.2,,,,3,,1410,169,16,1,,,,,,,,,,,
336,10/6/2015,,10/7/2015,,,,14,33.04145,91.04185,22.2,,,,3,,1410,87,8,1,,,,,,,,,,,
336,10/6/2015,,10/7/2015,,,,14,33.04145,91.04185,22.2,,,,3,,1410,132,13,1,,,,,,,,,,,
336,10/6/2015,,10/7/2015,,,,14,33.04145,91.04185,22.2,,,,3,,1410,74,7,1,,,,,,,,,,,
336,10/6/2015,,10/7/2015,,,,14,33.04145,91.04185,22.2,,,,3,,1410,72,7,1,,,,,,,,,,,
336,10/6/2015,,10/7/2015,,,,14,33.04145,91.04185,22.2,,,,3,,1409,114,11,1,,,,,,,,,,,
336,10/6/2015,,10/7/2015,,,,14,33.04145,91.04185,22.2,,,,3,,1409,181,18,1,,,,,,,,,,,
336,10/6/2015,,10/7/2015,,,,14,33.04145,91.04185,22.2,,,,3,,1409,193,19,1,,,,,,,,,,,
336,10/6/2015,,10/7/2015,,,,14,33.04145,91.04185,22.2,,,,3,,1409,109,10,1,,,,,,,,,,,
336,10/6/2015,,10/7/2015,,,,14,33.04145,91.04185,22.2,,,,3,,1409,80,8,1,,,,,,,,,,,
336,10/6/2015,,10/7/2015,,,,14,33.04145,91.04185,22.2,,,,3,,910,89,8,1,,,,,,,,,,,
336,10/6/2015,,10/7/2015,,,,14,33.04145,91.04185,22.2,,,,3,,312,83,8,1,,,,,,,,,,,
336,10/6/2015,,10/7/2015,,,,15,33.04584,91.0448,22.2,,,,5,,218,770,77,1,,,,,,,,,,,
336,10/6/2015,,10/7/2015,,,,15,33.04584,91.0448,22.2,,,,5,,910,444,44,1,,,,,,,,,,,
336,10/6/2015,,10/7/2015,,,,15,33.04584,91.0448,22.2,,,,5,,910,454,45,1,,,,,,,,,,,
336,10/6/2015,,10/7/2015,,,,15,33.04584,91.0448,22.2,,,,5,,910,436,43,1,,,,,,,,,,,
336,10/6/2015,,10/7/2015,,,,15,33.04584,91.0448,22.2,,,,5,,910,307,30,1,,,,,,,,,,,
336,10/6/2015,,10/7/2015,,,,15,33.04584,91.0448,22.2,,,,5,,910,425,42,1,,,,,,,,,,,
336,10/6/2015,,10/7/2015,,,,15,33.04584,91.0448,22.2,,,,5,,910,494,49,1,,,,,,,,,,,
336,10/6/2015,,10/7/2015,,,,15,33.04584,91.0448,22.2,,,,5,,910,448,44,1,,,,,,,,,,,
336,10/6/2015,,10/7/2015,,,,15,33.04584,91.0448,22.2,,,,5,,1758,331,33,1,,,,,,,,,,,
336,10/6/2015,,10/7/2015,,,,15,33.04584,91.0448,22.2,,,,5,,1758,301,30,1,,,,,,,,,,,
336,10/6/2015,,10/7/2015,,,,15,33.04584,91.0448,22.2,,,,5,,1410,294,29,1,,,,,,,,,,,
336,10/6/2015,,10/7/2015,,,,15,33.04584,91.0448,22.2,,,,5,,1410,300,30,1,,,,,,,,,,,
336,10/6/2015,,10/7/2015,,,,15,33.04584,91.0448,22.2,,,,5,,1410,288,28,1,,,,,,,,,,,
336,10/6/2015,,10/7/2015,,,,15,33.04584,91.0448,22.2,,,,5,,1410,256,25,1,,,,,,,,,,,
336,10/6/2015,,10/7/2015,,,,15,33.04584,91.0448,22.2,,,,5,,1410,285,28,1,,,,,,,,,,,
336,10/6/2015,,10/7/2015,,,,15,33.04584,91.0448,22.2,,,,5,,1410,259,25,1,,,,,,,,,,,
336,10/6/2015,,10/7/2015,,,,15,33.04584,91.0448,22.2,,,,5,,1410,227,22,1,,,,,,,,,,,
336,10/6/2015,,10/7/2015,,,,15,33.04584,91.0448,22.2,,,,5,,1410,160,16,1,,,,,,,,,,,
336,10/6/2015,,10/7/2015,,,,15,33.04584,91.0448,22.2,,,,5,,1410,182,18,1,,,,,,,,,,,
336,10/6/2015,,10/7/2015,,,,15,33.04584,91.0448,22.2,,,,5,,1410,217,21,1,,,,,,,,,,,
336,10/6/2015,,10/7/2015,,,,15,33.04584,91.0448,22.2,,,,5,,1409,232,23,1,,,,,,,,,,,
336,10/6/2015,,10/7/2015,,,,15,33.04584,91.0448,22.2,,,,5,,311,172,17,1,,,,,,,,,,,
336,10/6/2015,,10/7/2015,,,,15,33.04584,91.0448,22.2,,,,5,,311,331,33,1,,,,,,,,,,,
336,10/6/2015,,10/7/2015,,,,16,33.04665,91.04657,22.3,,,,5,,216,781,78,1,,,,,,,,,,,
336,10/6/2015,,10/7/2015,,,,16,33.04665,91.04657,22.3,,,,5,,216,584,58,1,,,,,,,,,,,
336,10/6/2015,,10/7/2015,,,,16,33.04665,91.04657,22.3,,,,5,,1410,251,25,1,,,,,,,,,,,
336,10/6/2015,,10/7/2015,,,,16,33.04665,91.04657,22.3,,,,5,,1410,235,23,1,,,,,,,,,,,
336,10/6/2015,,10/7/2015,,,,16,33.04665,91.04657,22.3,,,,5,,1410,237,23,1,,,,,,,,,,,
336,10/6/2015,,10/7/2015,,,,16,33.04665,91.04657,22.3,,,,5,,1410,246,24,1,,,,,,,,,,,
336,10/6/2015,,10/7/2015,,,,16,33.04665,91.04657,22.3,,,,5,,1410,258,25,1,,,,,,,,,,,
336,10/6/2015,,10/7/2015,,,,16,33.04665,91.04657,22.3,,,,5,,1410,212,21,1,,,,,,,,,,,
336,10/6/2015,,10/7/2015,,,,16,33.04665,91.04657,22.3,,,,5,,1410,290,29,1,,,,,,,,,,,
336,10/6/2015,,10/7/2015,,,,16,33.04665,91.04657,22.3,,,,5,,1410,140,14,1,,,,,,,,,,,
336,10/6/2015,,10/7/2015,,,,16,33.04665,91.04657,22.3,,,,5,,1410,255,25,1,,,,,,,,,,,
336,10/6/2015,,10/7/2015,,,,16,33.04665,91.04657,22.3,,,,5,,1410,255,25,1,,,,,,,,,,,
336,10/6/2015,,10/7/2015,,,,16,33.04665,91.04657,22.3,,,,5,,1410,191,19,1,,,,,,,,,,,
336,10/6/2015,,10/7/2015,,,,16,33.04665,91.04657,22.3,,,,5,,1410,300,30,1,,,,,,,,,,,
336,10/6/2015,,10/7/2015,,,,16,33.04665,91.04657,22.3,,,,5,,1410,202,20,1,,,,,,,,,,,
336,10/6/2015,,10/7/2015,,,,16,33.04665,91.04657,22.3,,,,5,,1410,278,27,1,,,,,,,,,,,
336,10/6/2015,,10/7/2015,,,,16,33.04665,91.04657,22.3,,,,5,,1410,229,22,1,,,,,,,,,,,
336,10/6/2015,,10/7/2015,,,,16,33.04665,91.04657,22.3,,,,5,,1410,215,21,1,,,,,,,,,,,
336,10/6/2015,,10/7/2015,,,,16,33.04665,91.04657,22.3,,,,5,,1410,245,24,1,,,,,,,,,,,
336,10/6/2015,,10/7/2015,,,,16,33.04665,91.04657,22.3,,,,5,,1410,201,20,1,,,,,,,,,,,
336,10/6/2015,,10/7/2015,,,,16,33.04665,91.04657,22.3,,,,5,,1410,174,17,1,,,,,,,,,,,
336,10/6/2015,,10/7/2015,,,,16,33.04665,91.04657,22.3,,,,5,,1410,191,19,1,,,,,,,,,,,
336,10/6/2015,,10/7/2015,,,,16,33.04665,91.04657,22.3,,,,5,,1410,195,19,1,,,,,,,,,,,
336,10/6/2015,,10/7/2015,,,,16,33.04665,91.04657,22.3,,,,5,,1410,263,26,1,,,,,,,,,,,
336,10/6/2015,,10/7/2015,,,,16,33.04665,91.04657,22.3,,,,5,,1410,153,15,1,,,,,,,,,,,
336,10/6/2015,,10/7/2015,,,,16,33.04665,91.04657,22.3,,,,5,,1410,220,22,1,,,,,,,,,,,
336,10/6/2015,,10/7/2015,,,,16,33.04665,91.04657,22.3,,,,5,,1410,247,24,1,,,,,,,,,,,
336,10/6/2015,,10/7/2015,,,,16,33.04665,91.04657,22.3,,,,5,,1410,246,24,1,,,,,,,,,,,
336,10/6/2015,,10/7/2015,,,,16,33.04665,91.04657,22.3,,,,5,,1410,255,25,1,,,,,,,,,,,
336,10/6/2015,,10/7/2015,,,,16,33.04665,91.04657,22.3,,,,5,,1410,180,18,1,,,,,,,,,,,
336,10/6/2015,,10/7/2015,,,,16,33.04665,91.04657,22.3,,,,5,,1410,195,19,1,,,,,,,,,,,
336,10/6/2015,,10/7/2015,,,,16,33.04665,91.04657,22.3,,,,5,,1410,178,17,1,,,,,,,,,,,
336,10/6/2015,,10/7/2015,,,,16,33.04665,91.04657,22.3,,,,5,,1410,182,18,1,,,,,,,,,,,
336,10/6/2015,,10/7/2015,,,,16,33.04665,91.04657,22.3,,,,5,,1410,163,16,1,,,,,,,,,,,
336,10/6/2015,,10/7/2015,,,,16,33.04665,91.04657,22.3,,,,5,,1410,237,23,1,,,,,,,,,,,
336,10/6/2015,,10/7/2015,,,,16,33.04665,91.04657,22.3,,,,5,,1410,227,22,1,,,,,,,,,,,
336,10/6/2015,,10/7/2015,,,,16,33.04665,91.04657,22.3,,,,5,,1410,200,20,1,,,,,,,,,,,
336,10/6/2015,,10/7/2015,,,,16,33.04665,91.04657,22.3,,,,5,,1410,151,15,1,,,,,,,,,,,
336,10/6/2015,,10/7/2015,,,,16,33.04665,91.04657,22.3,,,,5,,1397,130,13,1,,,,,,,,,,,
336,10/6/2015,,10/7/2015,,,,16,33.04665,91.04657,22.3,,,,5,,1397,140,14,1,,,,,,,,,,,
336,10/6/2015,,10/7/2015,,,,16,33.04665,91.04657,22.3,,,,5,,1410,151,15,1,,,,,,,,,,,
336,10/6/2015,,10/7/2015,,,,16,33.04665,91.04657,22.3,,,,5,,1410,255,25,1,,,,,,,,,,,
336,10/6/2015,,10/7/2015,,,,16,33.04665,91.04657,22.3,,,,5,,1410,200,20,1,,,,,,,,,,,
336,10/6/2015,,10/7/2015,,,,16,33.04665,91.04657,22.3,,,,5,,1410,259,25,1,,,,,,,,,,,
336,10/6/2015,,10/7/2015,,,,16,33.04665,91.04657,22.3,,,,5,,1410,201,20,1,,,,,,,,,,,
336,10/6/2015,,10/7/2015,,,,16,33.04665,91.04657,22.3,,,,5,,1410,205,20,1,,,,,,,,,,,
336,10/6/2015,,10/7/2015,,,,16,33.04665,91.04657,22.3,,,,5,,1410,202,20,1,,,,,,,,,,,
336,10/6/2015,,10/7/2015,,,,16,33.04665,91.04657,22.3,,,,5,,1410,161,16,1,,,,,,,,,,,
336,10/6/2015,,10/7/2015,,,,16,33.04665,91.04657,22.3,,,,5,,1410,195,19,1,,,,,,,,,,,
336,10/6/2015,,10/7/2015,,,,17,33.05125,91.0437,22.4,,,,3,,1410,290,29,1,,,,,,,,,,,
336,10/6/2015,,10/7/2015,,,,17,33.05125,91.0437,22.4,,,,3,,1410,250,25,1,,,,,,,,,,,
336,10/6/2015,,10/7/2015,,,,17,33.05125,91.0437,22.4,,,,3,,1410,247,24,1,,,,,,,,,,,
336,10/6/2015,,10/7/2015,,,,17,33.05125,91.0437,22.4,,,,3,,1410,230,23,1,,,,,,,,,,,
336,10/6/2015,,10/7/2015,,,,17,33.05125,91.0437,22.4,,,,3,,1409,80,8,1,,,,,,,,,,,
336,10/6/2015,,10/7/2015,,,,17,33.05125,91.0437,22.4,,,,3,,1409,313,31,1,,,,,,,,,,,
336,10/6/2015,,10/7/2015,,,,17,33.05125,91.0437,22.4,,,,3,,1409,78,7,1,,,,,,,,,,,
336,10/6/2015,,10/7/2015,,,,17,33.05125,91.0437,22.4,,,,3,,1395,192,19,1,,,,,,,,,,,
336,10/6/2015,,10/7/2015,,,,17,33.05125,91.0437,22.4,,,,3,,1395,192,19,1,,,,,,,,,,,
336,10/6/2015,,10/7/2015,,,,18,33.06109,91.04786,22.6,,,,3,,910,501,50,1,,,,,,,,,,,
336,10/6/2015,,10/7/2015,,,,18,33.06109,91.04786,22.6,,,,3,,1397,52,5,1,,,,,,,,,,,
336,10/6/2015,,10/7/2015,,,,18,33.06109,91.04786,22.6,,,,3,,1395,177,17,1,,,,,,,,,,,
336,10/6/2015,,10/7/2015,,,,18,33.06109,91.04786,22.6,,,,3,,1410,285,28,1,,,,,,,,,,,
336,10/6/2015,,10/7/2015,,,,18,33.06109,91.04786,22.6,,,,3,,1410,256,25,1,,,,,,,,,,,
336,10/6/2015,,10/7/2015,,,,18,33.06109,91.04786,22.6,,,,3,,1410,263,26,1,,,,,,,,,,,
336,10/6/2015,,10/7/2015,,,,18,33.06109,91.04786,22.6,,,,3,,1410,250,25,1,,,,,,,,,,,
336,10/6/2015,,10/7/2015,,,,18,33.06109,91.04786,22.6,,,,3,,1410,216,21,1,,,,,,,,,,,
336,10/6/2015,,10/7/2015,,,,18,33.06109,91.04786,22.6,,,,3,,1410,206,20,1,,,,,,,,,,,
336,10/6/2015,,10/7/2015,,,,18,33.06109,91.04786,22.6,,,,3,,1410,194,19,1,,,,,,,,,,,
336,10/6/2015,,10/7/2015,,,,18,33.06109,91.04786,22.6,,,,3,,1410,214,21,1,,,,,,,,,,,
336,10/6/2015,,10/7/2015,,,,18,33.06109,91.04786,22.6,,,,3,,1410,152,15,1,,,,,,,,,,,
336,10/6/2015,,10/7/2015,,,,18,33.06109,91.04786,22.6,,,,3,,1410,189,18,1,,,,,,,,,,,
336,10/6/2015,,10/7/2015,,,,18,33.06109,91.04786,22.6,,,,3,,1410,83,8,1,,,,,,,,,,,
336,10/6/2015,,10/7/2015,,,,18,33.06109,91.04786,22.6,,,,3,,1410,163,16,1,,,,,,,,,,,
336,10/6/2015,,10/7/2015,,,,18,33.06109,91.04786,22.6,,,,3,,1410,115,11,1,,,,,,,,,,,
336,10/6/2015,,10/7/2015,,,,18,33.06109,91.04786,22.6,,,,3,,1410,158,15,1,,,,,,,,,,,
336,10/6/2015,,10/7/2015,,,,18,33.06109,91.04786,22.6,,,,3,,1410,184,18,1,,,,,,,,,,,
336,10/6/2015,,10/7/2015,,,,18,33.06109,91.04786,22.6,,,,3,,1410,165,16,1,,,,,,,,,,,
336,10/6/2015,,10/7/2015,,,,18,33.06109,91.04786,22.6,,,,3,,1410,90,9,1,,,,,,,,,,,
336,10/6/2015,,10/7/2015,,,,18,33.06109,91.04786,22.6,,,,3,,1410,115,11,1,,,,,,,,,,,
336,10/6/2015,,10/7/2015,,,,18,33.06109,91.04786,22.6,,,,3,,1410,90,9,1,,,,,,,,,,,
336,10/6/2015,,10/7/2015,,,,18,33.06109,91.04786,22.6,,,,3,,1409,191,19,1,,,,,,,,,,,
336,10/6/2015,,10/7/2015,,,,18,33.06109,91.04786,22.6,,,,3,,1409,122,12,1,,,,,,,,,,,
336,10/6/2015,,10/7/2015,,,,18,33.06109,91.04786,22.6,,,,3,,1409,112,11,1,,,,,,,,,,,
336,10/6/2015,,10/7/2015,,,,18,33.06109,91.04786,22.6,,,,3,,1410,187,18,1,,,,,,,,,,,
336,10/6/2015,,10/7/2015,,,,18,33.06109,91.04786,22.6,,,,3,,1409,67,6,1,,,,,,,,,,,
336,10/6/2015,,10/7/2015,,,,19,33.06705,91.05043,22.8,,,,5,,910,471,47,1,,,,,,,,,,,
336,10/6/2015,,10/7/2015,,,,19,33.06705,91.05043,22.8,,,,5,,910,434,43,1,,,,,,,,,,,
336,10/6/2015,,10/7/2015,,,,19,33.06705,91.05043,22.8,,,,5,,1758,347,34,1,,,,,,,,,,,
336,10/6/2015,,10/7/2015,,,,19,33.06705,91.05043,22.8,,,,5,,1758,386,38,1,,,,,,,,,,,
336,10/6/2015,,10/7/2015,,,,19,33.06705,91.05043,22.8,,,,5,,1397,133,13,1,,,,,,,,,,,
336,10/6/2015,,10/7/2015,,,,19,33.06705,91.05043,22.8,,,,5,,1397,137,13,1,,,,,,,,,,,
336,10/6/2015,,10/7/2015,,,,19,33.06705,91.05043,22.8,,,,5,,1409,216,21,1,,,,,,,,,,,
336,10/6/2015,,10/7/2015,,,,19,33.06705,91.05043,22.8,,,,5,,1409,187,18,1,,,,,,,,,,,
336,10/6/2015,,10/7/2015,,,,19,33.06705,91.05043,22.8,,,,5,,1409,231,23,1,,,,,,,,,,,
336,10/6/2015,,10/7/2015,,,,19,33.06705,91.05043,22.8,,,,5,,1409,251,25,1,,,,,,,,,,,
336,10/6/2015,,10/7/2015,,,,19,33.06705,91.05043,22.8,,,,5,,1409,169,16,1,,,,,,,,,,,
336,10/6/2015,,10/7/2015,,,,19,33.06705,91.05043,22.8,,,,5,,1409,159,15,1,,,,,,,,,,,
336,10/6/2015,,10/7/2015,,,,19,33.06705,91.05043,22.8,,,,5,,1409,148,14,1,,,,,,,,,,,
336,10/6/2015,,10/7/2015,,,,19,33.06705,91.05043,22.8,,,,5,,1410,139,13,1,,,,,,,,,,,
336,10/6/2015,,10/7/2015,,,,19,33.06705,91.05043,22.8,,,,5,,1410,168,16,1,,,,,,,,,,,
336,10/6/2015,,10/7/2015,,,,20,33.08397,91.04864,22.8,,,,3,,910,434,43,1,,,,,,,,,,,
336,10/6/2015,,10/7/2015,,,,20,33.08397,91.04864,22.8,,,,3,,1397,66,6,1,,,,,,,,,,,
336,10/6/2015,,10/7/2015,,,,20,33.08397,91.04864,22.8,,,,3,,1397,65,6,1,,,,,,,,,,,
336,10/6/2015,,10/7/2015,,,,20,33.08397,91.04864,22.8,,,,3,,1395,200,20,1,,,,,,,,,,,
336,10/6/2015,,10/7/2015,,,,20,33.08397,91.04864,22.8,,,,3,,1409,216,21,1,,,,,,,,,,,
336,10/6/2015,,10/7/2015,,,,20,33.08397,91.04864,22.8,,,,3,,1409,284,28,1,,,,,,,,,,,
336,10/6/2015,,10/7/2015,,,,20,33.08397,91.04864,22.8,,,,3,,1409,225,22,1,,,,,,,,,,,
336,10/6/2015,,10/7/2015,,,,20,33.08397,91.04864,22.8,,,,3,,1409,196,19,1,,,,,,,,,,,
336,10/6/2015,,10/7/2015,,,,20,33.08397,91.04864,22.8,,,,3,,1409,254,25,1,,,,,,,,,,,
336,10/6/2015,,10/7/2015,,,,20,33.08397,91.04864,22.8,,,,3,,1410,97,9,1,,,,,,,,,,,
336,10/6/2015,,10/7/2015,,,,20,33.08397,91.04864,22.8,,,,3,,1410,85,8,1,,,,,,,,,,,
336,10/6/2015,,10/7/2015,,,,20,33.08397,91.04864,22.8,,,,3,,1410,255,25,1,,,,,,,,,,,
336,10/6/2015,,10/7/2015,,,,20,33.08397,91.04864,22.8,,,,3,,1410,259,25,1,,,,,,,,,,,
336,10/6/2015,,10/7/2015,,,,20,33.08397,91.04864,22.8,,,,3,,1410,327,32,1,,,,,,,,,,,
336,10/6/2015,,10/7/2015,,,,21,33.08612,91.044,22.8,,,,5,,1410,319,31,1,,,,,,,,,,,
336,10/6/2015,,10/7/2015,,,,21,33.08612,91.044,22.8,,,,5,,1410,245,24,1,,,,,,,,,,,
336,10/6/2015,,10/7/2015,,,,21,33.08612,91.044,22.8,,,,5,,1410,254,25,1,,,,,,,,,,,
336,10/6/2015,,10/7/2015,,,,21,33.08612,91.044,22.8,,,,5,,1410,181,18,1,,,,,,,,,,,
336,10/6/2015,,10/7/2015,,,,21,33.08612,91.044,22.8,,,,5,,1410,223,22,1,,,,,,,,,,,
336,10/6/2015,,10/7/2015,,,,21,33.08612,91.044,22.8,,,,5,,1410,244,24,1,,,,,,,,,,,
336,10/6/2015,,10/7/2015,,,,21,33.08612,91.044,22.8,,,,5,,1410,251,25,1,,,,,,,,,,,
336,10/6/2015,,10/7/2015,,,,21,33.08612,91.044,22.8,,,,5,,1410,203,20,1,,,,,,,,,,,
336,10/6/2015,,10/7/2015,,,,21,33.08612,91.044,22.8,,,,5,,1410,296,29,1,,,,,,,,,,,
336,10/6/2015,,10/7/2015,,,,21,33.08612,91.044,22.8,,,,5,,1410,148,14,1,,,,,,,,,,,
336,10/6/2015,,10/7/2015,,,,21,33.08612,91.044,22.8,,,,5,,1410,139,13,1,,,,,,,,,,,
336,10/6/2015,,10/7/2015,,,,21,33.08612,91.044,22.8,,,,5,,1410,144,14,1,,,,,,,,,,,
336,10/6/2015,,10/7/2015,,,,21,33.08612,91.044,22.8,,,,5,,1410,146,14,1,,,,,,,,,,,
336,10/6/2015,,10/7/2015,,,,21,33.08612,91.044,22.8,,,,5,,1409,288,28,1,,,,,,,,,,,
336,10/6/2015,,10/7/2015,,,,21,33.08612,91.044,22.8,,,,5,,1409,222,22,1,,,,,,,,,,,
336,10/6/2015,,10/7/2015,,,,21,33.08612,91.044,22.8,,,,5,,1409,135,13,1,,,,,,,,,,,
336,10/6/2015,,10/7/2015,,,,21,33.08612,91.044,22.8,,,,5,,1409,143,14,1,,,,,,,,,,,
336,10/6/2015,,10/7/2015,,,,21,33.08612,91.044,22.8,,,,5,,1409,155,15,1,,,,,,,,,,,
336,10/6/2015,,10/7/2015,,,,21,33.08612,91.044,22.8,,,,5,,1307,212,21,1,,,,,,,,,,,
336,10/6/2015,,10/7/2015,,,,21,33.08612,91.044,22.8,,,,5,,1758,397,39,1,,,,,,,,,,,
336,10/6/2015,,10/7/2015,,,,21,33.08612,91.044,22.8,,,,5,,1758,337,33,1,,,,,,,,,,,
336,10/6/2015,,10/7/2015,,,,21,33.08612,91.044,22.8,,,,5,,1758,402,40,1,,,,,,,,,,,
336,10/6/2015,,10/7/2015,,,,21,33.08612,91.044,22.8,,,,5,,1758,326,32,1,,,,,,,,,,,
336,10/6/2015,,10/7/2015,,,,22,33.03742,91.03742,23.3,,,,5,,216,965,96,1,,,,,,,,,,,
336,10/6/2015,,10/7/2015,,,,22,33.03742,91.03742,23.3,,,,5,,216,780,78,1,,,,,,,,,,,
336,10/6/2015,,10/7/2015,,,,22,33.03742,91.03742,23.3,,,,5,,1410,232,23,1,,,,,,,,,,,
336,10/6/2015,,10/7/2015,,,,22,33.03742,91.03742,23.3,,,,5,,1410,317,31,1,,,,,,,,,,,
336,10/6/2015,,10/7/2015,,,,22,33.03742,91.03742,23.3,,,,5,,1410,268,26,1,,,,,,,,,,,
336,10/6/2015,,10/7/2015,,,,22,33.03742,91.03742,23.3,,,,5,,1410,228,22,1,,,,,,,,,,,
336,10/6/2015,,10/7/2015,,,,22,33.03742,91.03742,23.3,,,,5,,1410,291,29,1,,,,,,,,,,,
336,10/6/2015,,10/7/2015,,,,22,33.03742,91.03742,23.3,,,,5,,1410,267,26,1,,,,,,,,,,,
336,10/6/2015,,10/7/2015,,,,22,33.03742,91.03742,23.3,,,,5,,1410,295,29,1,,,,,,,,,,,
336,10/6/2015,,10/7/2015,,,,22,33.03742,91.03742,23.3,,,,5,,1410,267,26,1,,,,,,,,,,,
336,10/6/2015,,10/7/2015,,,,22,33.03742,91.03742,23.3,,,,5,,1410,237,23,1,,,,,,,,,,,
336,10/6/2015,,10/7/2015,,,,22,33.03742,91.03742,23.3,,,,5,,1410,244,24,1,,,,,,,,,,,
336,10/6/2015,,10/7/2015,,,,22,33.03742,91.03742,23.3,,,,5,,1410,246,24,1,,,,,,,,,,,
336,10/6/2015,,10/7/2015,,,,22,33.03742,91.03742,23.3,,,,5,,1409,220,22,1,,,,,,,,,,,
336,10/6/2015,,10/7/2015,,,,22,33.03742,91.03742,23.3,,,,5,,1409,198,19,1,,,,,,,,,,,
336,10/6/2015,,10/7/2015,,,,22,33.03742,91.03742,23.3,,,,5,,1409,189,18,1,,,,,,,,,,,
336,10/6/2015,,10/7/2015,,,,22,33.03742,91.03742,23.3,,,,5,,311,308,30,1,,,,,,,,,,,
